{
  "source": "https://ag.shuhao.idv.tw/content/ag/RiceData.aspx",
  "fetched_at": "2025-11-13T04:45:18.316623+00:00",
  "dates": {
    "2025/11/13": [
      {
        "市場": "基隆市",
        "零售": {
          "粳種白米": 50.95,
          "硬秈白米": 55.0,
          "軟秈白米": 0.0,
          "圓糯白米": 64.29,
          "長糯白米": 64.17
        },
        "躉售": {
          "粳種白米": 4450.0,
          "硬秈白米": 4917.0,
          "軟秈白米": 0.0,
          "圓糯白米": 5383.0,
          "長糯白米": 5375.0
        }
      },
      {
        "市場": "台北市",
        "零售": {
          "粳種白米": 53.52,
          "硬秈白米": 58.81,
          "軟秈白米": 62.92,
          "圓糯白米": 65.93,
          "長糯白米": 63.52
        },
        "躉售": {
          "粳種白米": 4386.0,
          "硬秈白米": 4584.0,
          "軟秈白米": 5063.0,
          "圓糯白米": 5514.0,
          "長糯白米": 5427.0
        }
      },
      {
        "市場": "新北市",
        "零售": {
          "粳種白米": 48.74,
          "硬秈白米": 54.58,
          "軟秈白米": 58.44,
          "圓糯白米": 58.48,
          "長糯白米": 58.2
        },
        "躉售": {
          "粳種白米": 4337.0,
          "硬秈白米": 4533.0,
          "軟秈白米": 5233.0,
          "圓糯白米": 5237.0,
          "長糯白米": 5191.0
        }
      },
      {
        "市場": "桃園市",
        "零售": {
          "粳種白米": 43.49,
          "硬秈白米": 47.78,
          "軟秈白米": 57.08,
          "圓糯白米": 54.58,
          "長糯白米": 54.76
        },
        "躉售": {
          "粳種白米": 3824.0,
          "硬秈白米": 4167.0,
          "軟秈白米": 5104.0,
          "圓糯白米": 4823.0,
          "長糯白米": 4823.0
        }
      },
      {
        "市場": "新竹市",
        "零售": {
          "粳種白米": 45.75,
          "硬秈白米": 50.83,
          "軟秈白米": 0.0,
          "圓糯白米": 54.98,
          "長糯白米": 53.61
        },
        "躉售": {
          "粳種白米": 4063.0,
          "硬秈白米": 4345.0,
          "軟秈白米": 0.0,
          "圓糯白米": 4905.0,
          "長糯白米": 4517.0
        }
      },
      {
        "市場": "新竹縣",
        "零售": {
          "粳種白米": 44.58,
          "硬秈白米": 48.0,
          "軟秈白米": 0.0,
          "圓糯白米": 54.37,
          "長糯白米": 53.33
        },
        "躉售": {
          "粳種白米": 3940.0,
          "硬秈白米": 4217.0,
          "軟秈白米": 0.0,
          "圓糯白米": 4903.0,
          "長糯白米": 4861.0
        }
      },
      {
        "市場": "苗栗縣",
        "零售": {
          "粳種白米": 44.18,
          "硬秈白米": 0.0,
          "軟秈白米": 0.0,
          "圓糯白米": 54.46,
          "長糯白米": 54.92
        },
        "躉售": {
          "粳種白米": 3972.0,
          "硬秈白米": 0.0,
          "軟秈白米": 0.0,
          "圓糯白米": 4833.0,
          "長糯白米": 4778.0
        }
      },
      {
        "市場": "台中市",
        "零售": {
          "粳種白米": 46.19,
          "硬秈白米": 54.57,
          "軟秈白米": 55.51,
          "圓糯白米": 56.72,
          "長糯白米": 56.94
        },
        "躉售": {
          "粳種白米": 3883.0,
          "硬秈白米": 4425.0,
          "軟秈白米": 5113.0,
          "圓糯白米": 4898.0,
          "長糯白米": 4889.0
        }
      },
      {
        "市場": "彰化縣",
        "零售": {
          "粳種白米": 44.82,
          "硬秈白米": 48.39,
          "軟秈白米": 52.65,
          "圓糯白米": 53.67,
          "長糯白米": 53.47
        },
        "躉售": {
          "粳種白米": 3907.0,
          "硬秈白米": 4155.0,
          "軟秈白米": 4927.0,
          "圓糯白米": 4718.0,
          "長糯白米": 4721.0
        }
      },
      {
        "市場": "南投縣",
        "零售": {
          "粳種白米": 46.68,
          "硬秈白米": 51.63,
          "軟秈白米": 55.0,
          "圓糯白米": 56.03,
          "長糯白米": 55.55
        },
        "躉售": {
          "粳種白米": 4000.0,
          "硬秈白米": 0.0,
          "軟秈白米": 0.0,
          "圓糯白米": 4583.0,
          "長糯白米": 4250.0
        }
      },
      {
        "市場": "雲林縣",
        "零售": {
          "粳種白米": 0.0,
          "硬秈白米": 0.0,
          "軟秈白米": 0.0,
          "圓糯白米": 0.0,
          "長糯白米": 0.0
        },
        "躉售": {
          "粳種白米": 0.0,
          "硬秈白米": 0.0,
          "軟秈白米": 0.0,
          "圓糯白米": 0.0,
          "長糯白米": 0.0
        }
      },
      {
        "市場": "嘉義市",
        "零售": {
          "粳種白米": 0.0,
          "硬秈白米": 0.0,
          "軟秈白米": 0.0,
          "圓糯白米": 0.0,
          "長糯白米": 0.0
        },
        "躉售": {
          "粳種白米": 0.0,
          "硬秈白米": 0.0,
          "軟秈白米": 0.0,
          "圓糯白米": 0.0,
          "長糯白米": 0.0
        }
      },
      {
        "市場": "嘉義縣",
        "零售": {
          "粳種白米": 0.0,
          "硬秈白米": 0.0,
          "軟秈白米": 0.0,
          "圓糯白米": 0.0,
          "長糯白米": 0.0
        },
        "躉售": {
          "粳種白米": 0.0,
          "硬秈白米": 0.0,
          "軟秈白米": 0.0,
          "圓糯白米": 0.0,
          "長糯白米": 0.0
        }
      },
      {
        "市場": "台南市",
        "零售": {
          "粳種白米": 0.0,
          "硬秈白米": 0.0,
          "軟秈白米": 0.0,
          "圓糯白米": 0.0,
          "長糯白米": 0.0
        },
        "躉售": {
          "粳種白米": 0.0,
          "硬秈白米": 0.0,
          "軟秈白米": 0.0,
          "圓糯白米": 0.0,
          "長糯白米": 0.0
        }
      },
      {
        "市場": "高雄市",
        "零售": {
          "粳種白米": 0.0,
          "硬秈白米": 0.0,
          "軟秈白米": 0.0,
          "圓糯白米": 0.0,
          "長糯白米": 0.0
        },
        "躉售": {
          "粳種白米": 0.0,
          "硬秈白米": 0.0,
          "軟秈白米": 0.0,
          "圓糯白米": 0.0,
          "長糯白米": 0.0
        }
      },
      {
        "市場": "屏東縣",
        "零售": {
          "粳種白米": 0.0,
          "硬秈白米": 0.0,
          "軟秈白米": 0.0,
          "圓糯白米": 0.0,
          "長糯白米": 0.0
        },
        "躉售": {
          "粳種白米": 0.0,
          "硬秈白米": 0.0,
          "軟秈白米": 0.0,
          "圓糯白米": 0.0,
          "長糯白米": 0.0
        }
      },
      {
        "市場": "宜蘭縣",
        "零售": {
          "粳種白米": 0.0,
          "硬秈白米": 0.0,
          "軟秈白米": 0.0,
          "圓糯白米": 0.0,
          "長糯白米": 0.0
        },
        "躉售": {
          "粳種白米": 0.0,
          "硬秈白米": 0.0,
          "軟秈白米": 0.0,
          "圓糯白米": 0.0,
          "長糯白米": 0.0
        }
      },
      {
        "市場": "花蓮縣",
        "零售": {
          "粳種白米": 0.0,
          "硬秈白米": 0.0,
          "軟秈白米": 0.0,
          "圓糯白米": 0.0,
          "長糯白米": 0.0
        },
        "躉售": {
          "粳種白米": 0.0,
          "硬秈白米": 0.0,
          "軟秈白米": 0.0,
          "圓糯白米": 0.0,
          "長糯白米": 0.0
        }
      },
      {
        "市場": "台東縣",
        "零售": {
          "粳種白米": 0.0,
          "硬秈白米": 0.0,
          "軟秈白米": 0.0,
          "圓糯白米": 0.0,
          "長糯白米": 0.0
        },
        "躉售": {
          "粳種白米": 0.0,
          "硬秈白米": 0.0,
          "軟秈白米": 0.0,
          "圓糯白米": 0.0,
          "長糯白米": 0.0
        }
      },
      {
        "市場": "澎湖縣",
        "零售": {
          "粳種白米": 0.0,
          "硬秈白米": 0.0,
          "軟秈白米": 0.0,
          "圓糯白米": 0.0,
          "長糯白米": 0.0
        },
        "躉售": {
          "粳種白米": 0.0,
          "硬秈白米": 0.0,
          "軟秈白米": 0.0,
          "圓糯白米": 0.0,
          "長糯白米": 0.0
        }
      }
    ]
  }
}