{
  "Blast": {
    "display_name": "稻熱病 (Rice Blast)",
    "aliases": ["leaf_blast", "rice_blast", "blast", "稻熱病"],
    "solutions": [
      "發病初期應及時施用對應藥劑（如三環唑、稻瘟靈等），依標籤建議劑量施用。",
      "改善田間排水、避免過度潮濕環境。",
      "發病嚴重時移除病株並清除殘體，避免病源蔓延。"
    ],
    "prevention": [
      "選擇抗病品種與健康種子，播種前可用藥劑處理種子。",
      "避免過量施氮肥，維持適當密度與良好通風。",
      "保持田間乾濕交替、避免長期淹水。"
    ]
  },
  "BrownSpot": {
    "display_name": "褐斑病 (Brown Spot)",
    "aliases": ["brown_spot", "brownspot", "褐斑病"],
    "solutions": [
      "移除嚴重受害葉片並清園，避免病源殘留。",
      "改善田間通風與日照，降低葉面潮濕時間。",
      "必要時依標籤規定施用對應藥劑（例如：苯醚甲環唑類）。"
    ],
    "prevention": [
      "合理施氮，避免過度茂密。",
      "保持灌溉水清潔，減少病原傳播。",
      "適時排水，降低田區濕度。"
    ]
  },
  "BacterialBlight": {
    "display_name": "白葉枯病 (Bacterial Blight)",
    "aliases": ["bacterial_blight", "blight", "白葉枯病"],
    "solutions": [
      "發病初期立即剪除病葉與病株，集中帶出田外銷毀。",
      "避免田間灌溉水互通以防帶菌傳播。",
      "必要時可依標籤使用含銅或抗生素類防治藥劑。"
    ],
    "prevention": [
      "選用抗病品種，育苗與插秧階段保持清潔。",
      "避免機械傷口或蟲害造成感染。",
      "採用輪作制度減少病菌累積。"
    ]
  }
}
